{
  "catalog": {
    "book": [
      {
        "author": "Gambardella, Matthew",
        "title": "XML Developer's Guide",
        "genre": "Computer",
        "price": 44.95,
        "publish_date": "2000-10-01",
        "description": "An in-depth look at creating applications with XML."
      },
      {
        "author": "Ralls, Kim",
        "title": "Midnight Rain",
        "genre": "Fantasy",
        "price": 5.95,
        "publish_date": "2000-12-16",
        "description": "A former architect battles corporate zombies, an evil sorceress, and her own childhood to become queen of the world."
      },
      {
        "author": "Corets, Eva",
        "title": "Maeve Ascendant",
        "genre": "Fantasy",
        "price": 5.95,
        "publish_date": "2000-11-17",
        "description": "After the collapse of a nanotechnology society in England, the young survivors lay the foundation for a new society."
      }
    ]
  }
}
